1,Justin,Smith,22,justin.smith@wiseway.com,888330582,2017-06-04,5800,PL74520596335062807720915196,podstawowe,4,98060791208
2,Daniel,Cox,40,daniel.cox@wiseway.com,265622418,2016-08-03,5600,PL92241449138620540676301639,pomaturalne,11,80060882242
3,Katherine,Le,19,katherine.le@wiseway.com,492617078,2017-09-29,5600,PL23053464677805660040268670,wyzsze magisterskie,0,01210860132
4,Brian,Rose,68,brian.rose@wiseway.com,474134113,2017-08-23,4800,PL26195066420107935849773119,srednie zawodowe,23,52032366743
5,Andrew,Townsend,38,andrew.townsend@wiseway.com,389004826,2017-07-15,5000,PL74734884022595435566442684,srednie zawodowe,19,82052803451
6,Nicholas,Holt,19,nicholas.holt@wiseway.com,141155645,2015-06-26,4800,PL78014256904459557150634872,doktoranckie,0,01242866410
7,Antonio,Jordan,40,antonio.jordan@wiseway.com,312694501,2016-07-13,5200,PL85001517880486098234198030,pomaturalne,4,80081594824
8,Michael,Stone,34,michael.stone@wiseway.com,476960748,2015-12-03,5000,PL86087255033648542884773160,podstawowe,11,86011563146
9,Jennifer,Castro,67,jennifer.castro@wiseway.com,207005291,2018-04-04,5800,PL37009524394959505507275454,wyzsze magisterskie,40,53080661851
10,Clayton,Miller,36,clayton.miller@wiseway.com,606900034,2018-10-25,5800,PL20764183506314790536101144,pomaturalne,13,84050488343
11,Cassidy,Kelley,37,cassidy.kelley@wiseway.com,237478357,2015-01-22,6000,PL60825237161587518849316951,srednie ogolne,2,83101888251
12,Laura,White,52,laura.white@wiseway.com,436131490,2016-02-15,5400,PL13367446783498303471101219,wyzsze licencjackie / inzynierskie,20,68072812048
13,Dana,Garcia,48,dana.garcia@wiseway.com,831276872,2015-07-01,5000,PL28067185530701280201296508,pomaturalne,29,72051361756
14,Ashley,Collier,39,ashley.collier@wiseway.com,327521033,2017-12-14,4800,PL52641120419150876709615331,pomaturalne,11,81021032011
15,Jessica,Bass,59,jessica.bass@wiseway.com,282175461,2017-07-05,4800,PL95888806837987194376356352,wyzsze licencjackie / inzynierskie,33,61061913507
16,Sylvia,Stevens,52,sylvia.stevens@wiseway.com,113030973,2016-03-25,6000,PL85089089950733974628913523,srednie ogolne,3,68121205867
17,Alicia,Byrd,56,alicia.byrd@wiseway.com,775037276,2016-07-29,5200,PL97775361153399947422392474,wyzsze magisterskie,17,64041335296
18,Tyler,Wise,62,tyler.wise@wiseway.com,409343954,2016-11-23,5600,PL19371054007869777228820813,srednie ogolne,44,58030335422
19,Kaitlyn,Williams,66,kaitlyn.williams@wiseway.com,592926696,2017-01-12,5200,PL90822931099342630951218018,srednie ogolne,33,54020636009
20,Cheryl,Armstrong,40,cheryl.armstrong@wiseway.com,998643426,2015-06-02,4800,PL76946537031077079139480310,srednie zawodowe,18,80050542758
21,Daniel,Baker,18,daniel.baker@wiseway.com,189692720,2016-02-16,5400,PL78491010750001762859053744,pomaturalne,0,02301758453
22,Shelley,Harding,63,shelley.harding@wiseway.com,964444827,2016-12-10,5200,PL53518626425606082633473760,podstawowe,16,57041327740
23,Samantha,Hudson,36,samantha.hudson@wiseway.com,695223677,2018-02-10,5800,PL99540671005095369071765545,podstawowe,11,84040493470
24,Jennifer,Soto,30,jennifer.soto@wiseway.com,516362075,2016-12-28,5600,PL10285766740556303700644951,doktoranckie,10,90082603804
25,Dylan,Koch,55,dylan.koch@wiseway.com,847405164,2015-11-24,5600,PL33704872403447867962097201,wyzsze magisterskie,4,65021179900
26,Aaron,Lee,27,aaron.lee@wiseway.com,160808020,2018-06-12,6000,PL60401540906588723714755439,doktoranckie,7,93112312653
27,Michael,Liu,34,michael.liu@wiseway.com,726040809,2015-03-10,5000,PL19149949906753480952754045,doktoranckie,3,86042305111
28,Scott,Myers,37,scott.myers@wiseway.com,726951000,2015-05-17,5400,PL63825428898255007108787101,podstawowe,8,83011698965
29,Curtis,Mcconnell,23,curtis.mcconnell@wiseway.com,665306045,2015-04-22,5800,PL33421785717514462409271357,wyzsze licencjackie / inzynierskie,4,97061764053
30,Hannah,Williams,41,hannah.williams@wiseway.com,192615510,2018-09-25,5200,PL24805594787113300849222188,srednie zawodowe,0,79060797004
31,Thomas,Brennan,52,thomas.brennan@wiseway.com,840179668,2015-12-26,5200,PL23158939601700132167702192,podstawowe,33,68031091149
32,Tristan,Moreno,34,tristan.moreno@wiseway.com,226665403,2017-04-15,5400,PL91628137613060837990005751,podstawowe,16,86061751690
33,Taylor,Hudson,18,taylor.hudson@wiseway.com,165645610,2018-09-08,5800,PL45695609774298606086717889,podstawowe,0,02281652251
34,Vincent,Hudson,34,vincent.hudson@wiseway.com,855647679,2016-03-22,5400,PL87037326081432803283946834,srednie zawodowe,9,86040389198
35,Terri,Howell,49,terri.howell@wiseway.com,391665056,2018-07-30,5600,PL53065745347177742565397886,podstawowe,15,71102555179
36,Antonio,Gillespie,40,antonio.gillespie@wiseway.com,839985548,2017-02-28,5600,PL92082150716015619752239510,pomaturalne,0,80101010472
37,Kimberly,Howell,43,kimberly.howell@wiseway.com,189035530,2015-04-17,5400,PL17751857965936624489922203,podstawowe,16,77042322551
38,Eric,Andrews,60,eric.andrews@wiseway.com,648787965,2018-08-27,5000,PL39354508624292343048645450,wyzsze licencjackie / inzynierskie,30,60101062718
39,Jason,Brown,40,jason.brown@wiseway.com,647948133,2016-03-26,5800,PL36769564789886873943261774,pomaturalne,0,80051882911
40,Nicole,Wyatt,49,nicole.wyatt@wiseway.com,672255333,2017-02-23,5600,PL55822299691963854288833874,podstawowe,29,71100239394
41,Sandra,Roberts,23,sandra.roberts@wiseway.com,640091640,2016-08-02,6000,PL49698414039891657461942532,srednie ogolne,5,97041991945
42,Timothy,May,43,timothy.may@wiseway.com,205649040,2016-02-25,4800,PL57997372843656849353924240,wyzsze magisterskie,4,77020659388
43,Stephanie,Rose,34,stephanie.rose@wiseway.com,543356961,2016-07-15,5600,PL37612177843139538496145420,pomaturalne,11,86051662451
44,Connor,Hall,20,connor.hall@wiseway.com,314754791,2015-12-02,4800,PL61516651145194550926616214,doktoranckie,2,00250106542
45,Jorge,Brooks,54,jorge.brooks@wiseway.com,189659123,2017-01-11,5600,PL30008213889271803856578414,podstawowe,21,66042899485
46,Barbara,Smith,18,barbara.smith@wiseway.com,221806678,2015-05-11,6000,PL26566749709433420788262499,doktoranckie,0,02271695199
47,Tammy,Ware,21,tammy.ware@wiseway.com,626323843,2015-10-25,5400,PL28025769978278910380493369,doktoranckie,3,99061696786
48,Lauren,Foley,62,lauren.foley@wiseway.com,406459988,2016-02-05,6000,PL19061234961449749177814847,doktoranckie,37,58011584315
49,Megan,Joseph,64,megan.joseph@wiseway.com,477434200,2016-08-20,5200,PL91156835156279184992165917,pomaturalne,44,56041343926
50,Kaitlyn,Martin,18,kaitlyn.martin@wiseway.com,503695651,2018-05-21,6000,PL95126094171781942167692691,srednie ogolne,0,02241743488
51,Michael,Obrien,28,michael.obrien@wiseway.com,267438596,2015-06-10,5000,PL28548530855342123328358327,srednie ogolne,5,92102120235
52,Michelle,Green,59,michelle.green@wiseway.com,121576375,2015-01-26,5200,PL22845639473981385246125244,pomaturalne,39,61022388507
53,Cassandra,Carpenter,54,cassandra.carpenter@wiseway.com,265850468,2015-11-04,5200,PL31471951800954222045824799,podstawowe,35,66071461736
54,Natalie,Blake,64,natalie.blake@wiseway.com,842918438,2016-01-26,4800,PL25192305970601625191663369,doktoranckie,18,56012031599
55,Veronica,Davis,38,veronica.davis@wiseway.com,174955303,2015-03-16,6000,PL56345813660998303382263182,pomaturalne,0,82071071595
56,Erik,Medina,38,erik.medina@wiseway.com,307286909,2017-04-20,5800,PL46862026621589264240359725,doktoranckie,6,82090719853
57,Lisa,Hogan,63,lisa.hogan@wiseway.com,336952282,2015-04-09,5400,PL98537078814551360292913904,podstawowe,2,57090230502
58,Nathan,Shepard,46,nathan.shepard@wiseway.com,799002447,2018-09-30,6000,PL24773791704105754631487266,doktoranckie,15,74070780607
59,Grant,Neal,69,grant.neal@wiseway.com,789538280,2015-08-27,5000,PL94499083903930554209605501,wyzsze licencjackie / inzynierskie,42,51091875515
60,Jessica,King,61,jessica.king@wiseway.com,292664699,2017-01-28,5200,PL86003513344352632891162144,srednie zawodowe,13,59112352819
61,Maureen,Vargas,66,maureen.vargas@wiseway.com,237300229,2015-08-19,5400,PL45522395502091524549338189,wyzsze magisterskie,16,54092443856
62,Austin,Miller,47,austin.miller@wiseway.com,981792118,2017-10-30,6000,PL66161665504319958743346361,srednie zawodowe,13,73031519549
63,Amy,Peterson,52,amy.peterson@wiseway.com,617403004,2017-12-10,6000,PL34146412156464551063315074,pomaturalne,9,68081746739
64,Keith,Gibbs,23,keith.gibbs@wiseway.com,969389569,2015-07-06,5600,PL10394922730895895711073902,wyzsze licencjackie / inzynierskie,5,97102493185
65,Heather,Osborn,18,heather.osborn@wiseway.com,443292616,2018-04-26,6000,PL95347576979855614415577607,wyzsze magisterskie,0,02262423038
66,Christina,Sanford,65,christina.sanford@wiseway.com,224722297,2015-06-28,6000,PL40236369325322137505515659,wyzsze licencjackie / inzynierskie,36,55012524348
67,Tamara,Kemp,27,tamara.kemp@wiseway.com,425701768,2017-08-02,4800,PL67162767062193382236509840,pomaturalne,9,93122147571
68,Kendra,Savage,21,kendra.savage@wiseway.com,465475019,2017-07-03,5000,PL25552201526824147816276358,podstawowe,1,99101311248
69,Bryan,White,31,bryan.white@wiseway.com,806123509,2018-06-11,5200,PL10061693920230478111806339,srednie ogolne,5,89091362577
70,Andrew,Mcneil,47,andrew.mcneil@wiseway.com,769545860,2016-09-28,5400,PL49020451943804929021962561,podstawowe,23,73112827978
71,Cynthia,Johnson,66,cynthia.johnson@wiseway.com,510453369,2017-12-15,5200,PL60693358239229200927989982,wyzsze magisterskie,8,54030648699
72,Rebecca,Williams,65,rebecca.williams@wiseway.com,640223442,2017-06-22,5800,PL88816724415809503291460524,srednie zawodowe,7,55021989035
73,Melissa,Floyd,54,melissa.floyd@wiseway.com,481790802,2017-03-28,5800,PL68032038111403159015116244,wyzsze magisterskie,18,66091995065
74,Cristian,West,37,cristian.west@wiseway.com,481130961,2016-06-24,6000,PL90716589458057228447552026,wyzsze magisterskie,9,83052788424
75,Vanessa,Heath,23,vanessa.heath@wiseway.com,110697922,2018-10-29,5800,PL65836099141139624156475045,pomaturalne,5,97112631080
76,Kathryn,Rush,29,kathryn.rush@wiseway.com,486865501,2018-06-11,5400,PL11890591983044858178916223,podstawowe,0,91100443394
77,Catherine,Robinson,45,catherine.robinson@wiseway.com,519709518,2018-12-12,5800,PL75583737946729750607804085,doktoranckie,19,75021469682
78,Jared,Bentley,65,jared.bentley@wiseway.com,389454686,2016-03-29,5200,PL21758880451384777516324669,wyzsze licencjackie / inzynierskie,16,55041476866
79,Timothy,Neal,66,timothy.neal@wiseway.com,856077582,2015-12-29,5600,PL86219911814559866593898436,doktoranckie,36,54041826529
80,Patrick,Jenkins,44,patrick.jenkins@wiseway.com,127323085,2018-12-28,4800,PL13078599359079702463626153,pomaturalne,5,76031227206
81,Austin,Harris,47,austin.harris@wiseway.com,561406801,2017-01-16,5600,PL31534192143878732931858562,pomaturalne,11,73052710465
82,Patrick,Sweeney,67,patrick.sweeney@wiseway.com,473141540,2018-12-10,5200,PL46690579673220082854426877,doktoranckie,18,53091462600
83,Holly,Yang,27,holly.yang@wiseway.com,690707897,2016-02-16,4800,PL55364438308313565167142189,doktoranckie,0,93120483148
84,Thomas,Ruiz,25,thomas.ruiz@wiseway.com,229877246,2015-11-24,5200,PL30969305212712584073822700,wyzsze magisterskie,1,95031870636
85,Greg,Ruiz,64,greg.ruiz@wiseway.com,421354178,2017-02-21,5200,PL71410547311217350210010514,podstawowe,12,56081266814
86,Joseph,May,25,joseph.may@wiseway.com,950145024,2018-11-30,5800,PL85275553644896369820627104,pomaturalne,0,95120101307
87,Lauren,Hampton,56,lauren.hampton@wiseway.com,439807765,2017-02-03,5000,PL47165157533198317634722651,wyzsze magisterskie,12,64061847140
88,Bradley,Adams,41,bradley.adams@wiseway.com,767015304,2015-11-20,6000,PL57725529929386189524718380,pomaturalne,13,79032690899
89,Aaron,King,49,aaron.king@wiseway.com,804243745,2015-12-26,6000,PL44305355880037539723567517,wyzsze magisterskie,0,71120136844
90,Leah,Brown,70,leah.brown@wiseway.com,390090421,2015-12-04,5600,PL70523173580574232365966806,wyzsze licencjackie / inzynierskie,7,50111295875
91,Tracy,Sims,28,tracy.sims@wiseway.com,303326647,2016-12-10,5000,PL95757795738405626371406057,srednie zawodowe,6,92052688720
92,Rebecca,Gardner,66,rebecca.gardner@wiseway.com,799070793,2016-02-23,5000,PL10379412982131617922252931,wyzsze licencjackie / inzynierskie,41,54080714590
93,Brian,Morales,37,brian.morales@wiseway.com,435872059,2015-11-16,5000,PL49982117673483330207000113,wyzsze licencjackie / inzynierskie,0,83050463697
94,Richard,Larson,70,richard.larson@wiseway.com,614027680,2016-02-13,6000,PL82041459080122688113857182,wyzsze licencjackie / inzynierskie,9,50120871175
95,Belinda,Stevens,61,belinda.stevens@wiseway.com,658411166,2016-10-04,5400,PL76907557432945246806683942,doktoranckie,27,59052622230
96,Chelsea,Beltran,31,chelsea.beltran@wiseway.com,524933569,2015-06-10,4800,PL19157521879066349435758753,wyzsze licencjackie / inzynierskie,10,89030551677
97,Joseph,Moreno,35,joseph.moreno@wiseway.com,746305288,2016-04-30,5600,PL10596884988422540248976504,pomaturalne,14,85012507660
98,Jennifer,Smith,53,jennifer.smith@wiseway.com,121984389,2015-11-25,6000,PL59678643021126107597254537,doktoranckie,35,67040849953
99,Lindsay,Brown,25,lindsay.brown@wiseway.com,530273116,2017-05-06,6000,PL45934645975902786697240878,wyzsze magisterskie,0,95120172737
100,Joshua,Pope,43,joshua.pope@wiseway.com,247318303,2018-06-26,5000,PL99698799783683202947637876,wyzsze magisterskie,23,77030330690
101,Susan,Taylor,24,susan.taylor@wiseway.com,997426768,2017-07-30,4800,PL99321892116343242224799368,podstawowe,3,96070755120
102,Randall,Miller,59,randall.miller@wiseway.com,380629942,2016-01-17,5400,PL60069615283409851864150779,pomaturalne,6,61112374261
103,Jeremy,Adams,64,jeremy.adams@wiseway.com,711048561,2018-11-17,4800,PL25290832278997367057440472,wyzsze magisterskie,9,56042284120
104,James,Hill,68,james.hill@wiseway.com,494286055,2015-12-11,5200,PL20686600301665331669665319,podstawowe,12,52052721871
105,Michael,Barrera,19,michael.barrera@wiseway.com,678503203,2017-02-06,5600,PL51032556241937478068227279,wyzsze licencjackie / inzynierskie,1,01232115386
106,Adriana,Henry,41,adriana.henry@wiseway.com,189784187,2017-02-03,5000,PL21985157320217100438426385,srednie zawodowe,5,79012806880
107,Mary,Vasquez,19,mary.vasquez@wiseway.com,535034163,2016-01-04,4800,PL73851592064100387055000664,podstawowe,1,01220562084
108,Tyler,Rhodes,40,tyler.rhodes@wiseway.com,108681576,2017-02-21,5000,PL54273724761226250302828418,doktoranckie,3,80070840299
109,Shelby,Johnson,41,shelby.johnson@wiseway.com,126578211,2016-04-13,5400,PL31746890841357024996229189,srednie zawodowe,21,79092665917
110,Regina,Thornton,30,regina.thornton@wiseway.com,114132336,2016-05-21,5600,PL82609360760828308171051170,wyzsze licencjackie / inzynierskie,2,90051942207
111,Janet,Compton,69,janet.compton@wiseway.com,103808991,2016-06-19,5000,PL13003455054828949764245065,doktoranckie,15,51072794935
112,Sabrina,Williams,36,sabrina.williams@wiseway.com,464913946,2017-05-20,5400,PL17799538577598857527732532,srednie ogolne,2,84080605593
113,Shannon,Schneider,47,shannon.schneider@wiseway.com,844886084,2018-12-28,5200,PL99660555735827554052135549,doktoranckie,28,73090103329
114,Nicholas,Daniels,56,nicholas.daniels@wiseway.com,950631495,2016-06-10,5400,PL87476810838808517899456318,pomaturalne,24,64040260200
115,Mary,Jennings,27,mary.jennings@wiseway.com,158149518,2018-05-25,5200,PL95847722535974639171983040,srednie zawodowe,4,93042642685
116,Melissa,Marquez,35,melissa.marquez@wiseway.com,777498383,2018-06-18,6000,PL71914523553936636097720910,pomaturalne,6,85112719652
117,Ashley,Park,58,ashley.park@wiseway.com,796925261,2016-05-24,5200,PL63055670191483924355736577,srednie zawodowe,33,62071901411
118,Anita,Newman,18,anita.newman@wiseway.com,460446549,2018-10-19,5600,PL40834137698771628837597997,pomaturalne,0,02272796516
119,Christopher,Wood,33,christopher.wood@wiseway.com,748055621,2016-03-04,6000,PL66973739422222640953360390,wyzsze magisterskie,7,87080492070
120,Donna,Morrison,27,donna.morrison@wiseway.com,117855873,2018-08-06,5200,PL17896767581007423398342672,srednie ogolne,6,93021341231
121,David,Moore,45,david.moore@wiseway.com,604711759,2017-06-14,6000,PL59281737090228187598677473,pomaturalne,23,75121194070
122,Mark,George,66,mark.george@wiseway.com,161447828,2015-08-28,6000,PL57038758745087452060130129,srednie zawodowe,6,54072860200
123,Regina,Rodriguez,49,regina.rodriguez@wiseway.com,427692531,2015-01-15,5400,PL16182471567614747066456569,podstawowe,18,71102131446
124,Crystal,Martinez,50,crystal.martinez@wiseway.com,706319658,2017-02-11,5400,PL97451650955789303246742394,pomaturalne,13,70032358346
125,Brandon,Ellis,30,brandon.ellis@wiseway.com,210704318,2018-06-19,5600,PL46797397233407523681413024,pomaturalne,9,90101952137
126,Dustin,Henderson,38,dustin.henderson@wiseway.com,153439703,2018-08-24,5200,PL73129382424258379706163588,pomaturalne,7,82120808500
127,Matthew,Davis,29,matthew.davis@wiseway.com,471193598,2016-06-10,4800,PL17550671933040951683101983,podstawowe,3,91102690644
128,Thomas,Wagner,58,thomas.wagner@wiseway.com,199364475,2016-11-10,5200,PL18895983302553712324036486,doktoranckie,10,62070879659
129,Aaron,Cantu,63,aaron.cantu@wiseway.com,927670554,2018-12-02,5000,PL58345115596622087847062248,wyzsze licencjackie / inzynierskie,25,57062148035
130,Tricia,Webb,32,tricia.webb@wiseway.com,638035155,2016-11-11,6000,PL35334353965143680293588896,podstawowe,14,88021953152
131,Alexandra,Carr,42,alexandra.carr@wiseway.com,677999554,2018-10-19,4800,PL12408627592543859023178044,wyzsze magisterskie,12,78112459545
132,Luis,Jones,33,luis.jones@wiseway.com,199579766,2017-03-27,5400,PL89564309227031001058039372,wyzsze licencjackie / inzynierskie,1,87112470586
133,Kelly,Hunt,29,kelly.hunt@wiseway.com,179919216,2015-10-03,5000,PL48896100981312907987117085,wyzsze magisterskie,4,91110184070
134,Lee,Lang,59,lee.lang@wiseway.com,421455961,2015-02-21,4800,PL41803740783526162768950654,podstawowe,39,61102689449
135,Rebekah,Hood,22,rebekah.hood@wiseway.com,953683942,2017-08-25,5200,PL52899761207800209712475934,wyzsze magisterskie,4,98090871938
136,Cassandra,Cuevas,68,cassandra.cuevas@wiseway.com,497120397,2017-06-20,5000,PL14135437663388529999271203,doktoranckie,39,52100805212
137,Alexander,Bell,47,alexander.bell@wiseway.com,944339973,2016-01-06,5000,PL34913712170382651379681248,wyzsze licencjackie / inzynierskie,6,73030984757
138,Mary,Booth,66,mary.booth@wiseway.com,247020702,2018-09-22,5000,PL83903530812218458912479102,doktoranckie,44,54080460064
139,Angela,Joyce,61,angela.joyce@wiseway.com,922031882,2015-12-02,5400,PL30745414003412430883824706,wyzsze magisterskie,22,59060263274
140,Stephanie,Price,32,stephanie.price@wiseway.com,285705778,2016-02-05,6000,PL36055491516920841056343759,wyzsze licencjackie / inzynierskie,2,88092482005
141,Taylor,Weaver,39,taylor.weaver@wiseway.com,674365178,2015-03-08,4800,PL90088796846624068924464172,srednie ogolne,19,81090989052
142,Johnathan,Daniels,42,johnathan.daniels@wiseway.com,871241228,2018-01-04,5200,PL89371417838975165986747167,wyzsze magisterskie,23,78052288808
143,Alexis,Thompson,54,alexis.thompson@wiseway.com,664564904,2017-07-26,4800,PL74844170305591335770736147,srednie zawodowe,5,66092177456
144,Christy,Coleman,32,christy.coleman@wiseway.com,570440249,2018-10-17,6000,PL39947948836219743727496842,srednie zawodowe,13,88061437785
145,Phillip,Smith,64,phillip.smith@wiseway.com,700317722,2015-11-17,5200,PL47992114936736763913907240,wyzsze magisterskie,12,56010530891
146,Alan,Ferguson,48,alan.ferguson@wiseway.com,727413261,2016-04-24,6000,PL11095084106388717104266342,wyzsze magisterskie,19,72072347242
147,Ruben,Simmons,39,ruben.simmons@wiseway.com,502426908,2015-10-30,5800,PL47594833383107598464432753,srednie zawodowe,13,81051715884
148,Sean,Mitchell,32,sean.mitchell@wiseway.com,647641342,2018-06-08,5200,PL72650688046451998046320752,wyzsze licencjackie / inzynierskie,4,88051463058
149,William,Martin,52,william.martin@wiseway.com,486731526,2015-03-18,5400,PL37257898602075712071697533,srednie zawodowe,10,68090945365
150,Phillip,Moss,18,phillip.moss@wiseway.com,847869552,2016-08-05,4800,PL39949629380440109285512972,doktoranckie,0,02250985957
151,Samuel,Jones,62,samuel.jones@wiseway.com,425054773,2016-04-24,5000,PL55782252651390019173107360,srednie ogolne,37,58101367118
152,Angela,Thomas,34,angela.thomas@wiseway.com,302468344,2016-08-14,5800,PL79745202384277744808951369,pomaturalne,13,86100228316
153,Valerie,Wright,53,valerie.wright@wiseway.com,813669630,2017-05-26,4800,PL31339918975913669907104311,pomaturalne,18,67120746080
154,Bruce,Mccall,19,bruce.mccall@wiseway.com,709945506,2018-07-16,5200,PL76328432799649895574302335,doktoranckie,1,01251183025
155,Robert,Brown,21,robert.brown@wiseway.com,743518308,2017-03-26,5400,PL82436829893722370726766499,srednie ogolne,0,99092434271
156,Keith,Ortiz,18,keith.ortiz@wiseway.com,252838735,2018-01-17,5400,PL43640823417489891951620174,pomaturalne,0,02261115156
157,Jennifer,Meyer,59,jennifer.meyer@wiseway.com,665396240,2015-11-18,5600,PL91801329632427671782411631,wyzsze licencjackie / inzynierskie,20,61021708422
158,Michael,Bowers,40,michael.bowers@wiseway.com,791308321,2017-01-14,6000,PL93114398913906912384511628,srednie ogolne,18,80021604887
159,Kelly,Jones,52,kelly.jones@wiseway.com,936677231,2015-08-31,5600,PL20814165798002908531148145,srednie zawodowe,7,68120249445
160,Crystal,Pratt,33,crystal.pratt@wiseway.com,967878956,2015-03-23,5000,PL10876337529913205335188278,wyzsze licencjackie / inzynierskie,14,87122750878
161,Jessica,Obrien,26,jessica.obrien@wiseway.com,290752623,2016-09-06,4800,PL12948118684849534089040616,doktoranckie,7,94042312198
162,Amy,Smith,25,amy.smith@wiseway.com,687062163,2018-12-02,5600,PL26850429273170334118355905,podstawowe,2,95061382367
163,Samantha,Miller,52,samantha.miller@wiseway.com,691658213,2017-05-22,6000,PL55109423236974757305272895,doktoranckie,14,68100875726
164,Robert,Padilla,66,robert.padilla@wiseway.com,708577847,2016-06-20,5800,PL63524530710066295479084023,srednie ogolne,38,54111106755
165,Raymond,Richardson,63,raymond.richardson@wiseway.com,414238032,2018-06-22,5800,PL43401498092954730355009294,wyzsze magisterskie,11,57051339993
166,Joshua,Curtis,40,joshua.curtis@wiseway.com,292027389,2016-06-10,5000,PL76573067266894230575607599,doktoranckie,9,80080512041
167,Joseph,Brown,25,joseph.brown@wiseway.com,944896082,2018-10-21,5800,PL68363234192898117820008355,podstawowe,4,95070610800
168,Thomas,Jones,26,thomas.jones@wiseway.com,762606247,2015-04-17,4800,PL63126967135605444213973980,pomaturalne,7,94050114306
169,Jeremy,Craig,18,jeremy.craig@wiseway.com,944380355,2015-11-12,5200,PL69941707523965387022233453,srednie zawodowe,0,02252518285
170,Philip,Snyder,32,philip.snyder@wiseway.com,988774962,2016-11-21,5200,PL87620436348996202051985052,srednie zawodowe,4,88101024539
171,Karen,Woods,60,karen.woods@wiseway.com,316330912,2017-03-13,5200,PL76313157720866473549710527,doktoranckie,30,60052850927
172,Courtney,Smith,59,courtney.smith@wiseway.com,893332612,2018-11-05,5400,PL61863509210708291680892470,srednie zawodowe,37,61092801698
173,Anthony,Jimenez,69,anthony.jimenez@wiseway.com,135687994,2015-02-21,6000,PL66032928273762942441828209,srednie ogolne,48,51021500608
174,Lindsey,Williams,44,lindsey.williams@wiseway.com,521554322,2015-09-10,5600,PL56805998932593998125545598,wyzsze licencjackie / inzynierskie,6,76031836693
175,Thomas,Davenport,28,thomas.davenport@wiseway.com,489667252,2015-07-14,5400,PL57012640375684263047605469,pomaturalne,1,92011451075
176,Corey,Garcia,24,corey.garcia@wiseway.com,409098615,2016-05-05,6000,PL70617789187746300561954100,srednie zawodowe,4,96021104661
177,Jessica,Hale,56,jessica.hale@wiseway.com,984564449,2017-09-08,4800,PL53871459924454606580991782,srednie ogolne,15,64061797831
178,Jamie,Foley,50,jamie.foley@wiseway.com,719771527,2015-10-04,5400,PL80953295178026019056820157,wyzsze magisterskie,13,70062731347
179,Catherine,Ferguson,66,catherine.ferguson@wiseway.com,349983104,2015-09-07,4800,PL80369919284039246293561109,srednie zawodowe,37,54012606950
180,Heather,Molina,47,heather.molina@wiseway.com,880871095,2017-10-29,4800,PL32515154379309162386054285,srednie zawodowe,19,73082279180
181,Kevin,Ramsey,44,kevin.ramsey@wiseway.com,228674505,2017-12-29,6000,PL60651714238183233175467824,podstawowe,17,76120404412
182,Jacqueline,Marquez,61,jacqueline.marquez@wiseway.com,567015452,2017-07-31,5400,PL73657658447278395738601597,wyzsze licencjackie / inzynierskie,9,59062131753
183,James,Guerrero,27,james.guerrero@wiseway.com,396612675,2015-08-14,5800,PL48066689561278225394818877,pomaturalne,0,93110838763
184,Diamond,Booker,47,diamond.booker@wiseway.com,982167504,2015-11-25,5400,PL97036989563560330518356240,wyzsze licencjackie / inzynierskie,26,73121224726
185,Kathryn,Barnett,40,kathryn.barnett@wiseway.com,905168012,2017-10-01,5600,PL47635798836504320082312569,doktoranckie,11,80101214619
186,Robert,Ryan,62,robert.ryan@wiseway.com,771309667,2016-12-17,5800,PL82204688489073651299234762,srednie zawodowe,27,58041670972
187,Mark,Arroyo,27,mark.arroyo@wiseway.com,870969793,2015-11-24,6000,PL73759173498696879628439714,srednie ogolne,2,93102513418
188,Maria,James,22,maria.james@wiseway.com,756797261,2018-11-01,6000,PL38981132484555468927847899,wyzsze magisterskie,0,98031675371
189,Joshua,Dickson,27,joshua.dickson@wiseway.com,843591685,2015-11-25,5400,PL35185882849428471668658064,wyzsze licencjackie / inzynierskie,4,93080989038
190,Gregory,Barnes,29,gregory.barnes@wiseway.com,988651001,2017-06-15,5800,PL48456356645077399978780333,wyzsze licencjackie / inzynierskie,7,91021430913
191,Rebecca,Hull,39,rebecca.hull@wiseway.com,881568614,2018-11-26,5400,PL73484591836077327281140457,doktoranckie,12,81060932335
192,Jessica,Mckenzie,37,jessica.mckenzie@wiseway.com,450870844,2017-08-11,4800,PL17917747084701934260880232,podstawowe,6,83102703665
193,Ashley,Davis,61,ashley.davis@wiseway.com,939028698,2015-05-07,5200,PL30803077089947541978866831,pomaturalne,1,59101654587
194,Megan,Simpson,27,megan.simpson@wiseway.com,423999390,2018-08-06,5000,PL59862299713760459484041209,wyzsze licencjackie / inzynierskie,1,93070727707
195,Michael,Campbell,36,michael.campbell@wiseway.com,738812850,2016-05-07,5600,PL42474277249180230371554857,pomaturalne,4,84051436358
196,Michael,Perkins,47,michael.perkins@wiseway.com,270462945,2018-06-16,5400,PL93521882547419749081320697,srednie zawodowe,22,73071448297
197,Rachael,Neal,62,rachael.neal@wiseway.com,856897068,2015-08-14,5200,PL53577671485984046539840112,srednie zawodowe,17,58070505254
198,Chad,Johnson,23,chad.johnson@wiseway.com,550337644,2017-11-25,5800,PL21473672819317010438950889,doktoranckie,1,97052007009
199,Michael,Rodriguez,68,michael.rodriguez@wiseway.com,715729342,2018-12-13,5600,PL67741775079108388202264300,wyzsze magisterskie,45,52121390566
200,Danielle,Graham,23,danielle.graham@wiseway.com,637142077,2016-06-28,6000,PL65362703223004348176821806,srednie ogolne,0,97111254217
201,Christine,Johnson,32,christine.johnson@wiseway.com,870937582,2018-12-30,5400,PL49853332361735018885062707,pomaturalne,1,88110824270
202,Samantha,George,32,samantha.george@wiseway.com,380992699,2016-02-06,6000,PL77021244447770748075730679,doktoranckie,13,88052766264
203,Jill,Pugh,68,jill.pugh@wiseway.com,278193611,2017-11-06,5200,PL86690141984664239904882575,srednie zawodowe,9,52072687673
204,Nathan,Johnson,42,nathan.johnson@wiseway.com,202214638,2017-04-09,5000,PL73575139067639539378645841,wyzsze licencjackie / inzynierskie,12,78092184999
205,Amanda,Cunningham,20,amanda.cunningham@wiseway.com,458339373,2018-08-15,6000,PL25803305447383733051519985,srednie zawodowe,2,00242850018
206,Carrie,Love,53,carrie.love@wiseway.com,934949934,2017-10-21,6000,PL26037801959874500044816805,podstawowe,14,67012641052
207,Daniel,Walker,57,daniel.walker@wiseway.com,949462774,2015-04-10,6000,PL25543287429113504467383443,srednie zawodowe,37,63030894768
208,Monica,Contreras,68,monica.contreras@wiseway.com,387993963,2018-05-06,5600,PL61744152077363974269673010,podstawowe,37,52062427975
209,Kevin,Potter,27,kevin.potter@wiseway.com,267624015,2015-03-10,5200,PL65028781805634621858886743,wyzsze magisterskie,9,93080217078
210,Chris,Ferguson,31,chris.ferguson@wiseway.com,746641545,2017-09-26,5600,PL88729239828007631560898641,srednie ogolne,13,89091119579
211,Alicia,Roth,57,alicia.roth@wiseway.com,822521733,2018-08-19,5200,PL97261126950782213691420696,wyzsze magisterskie,37,63081308154
212,Kayla,Young,62,kayla.young@wiseway.com,587002056,2017-10-07,4800,PL17551019127050119115962271,doktoranckie,44,58032432793
213,Leslie,Cook,36,leslie.cook@wiseway.com,627650469,2015-07-23,6000,PL53232292078132528496090805,pomaturalne,5,84061956136
214,Melanie,Becker,21,melanie.becker@wiseway.com,248044050,2018-07-08,5600,PL70002417701913707685691566,srednie ogolne,0,99031243704
215,Robert,Ochoa,19,robert.ochoa@wiseway.com,663795139,2016-07-26,5400,PL33142610078704590909645455,doktoranckie,0,01211454844
216,Ashley,Willis,26,ashley.willis@wiseway.com,392991486,2017-07-02,5400,PL66788446327763717617691326,wyzsze licencjackie / inzynierskie,3,94090250781
217,Gregory,Neal,20,gregory.neal@wiseway.com,227536688,2015-10-05,5800,PL90323993820251186729567485,podstawowe,1,00232565773
218,Lori,Johnson,56,lori.johnson@wiseway.com,930454522,2015-12-03,5800,PL46446081254110482643106839,wyzsze magisterskie,5,64010791044
219,Michael,Reynolds,57,michael.reynolds@wiseway.com,179132938,2017-01-20,4800,PL34918302598512234752272196,pomaturalne,22,63020189916
220,James,Compton,19,james.compton@wiseway.com,176864633,2018-05-11,6000,PL90586233442063985295428330,srednie ogolne,0,01212021223
221,Brandon,Shelton,34,brandon.shelton@wiseway.com,652225720,2015-10-03,5600,PL83491900483522357923258603,wyzsze licencjackie / inzynierskie,0,86112478082
222,Christine,Williams,70,christine.williams@wiseway.com,545528323,2016-10-13,5600,PL40210580376178685354022476,wyzsze licencjackie / inzynierskie,0,50021002876
223,Heather,Cherry,22,heather.cherry@wiseway.com,245296530,2015-07-13,5000,PL64893299945947387896963655,podstawowe,3,98092503838
224,Sarah,Carter,25,sarah.carter@wiseway.com,794709479,2015-09-29,5200,PL53979656230880307192088471,srednie zawodowe,4,95031028935
225,Jessica,Anderson,27,jessica.anderson@wiseway.com,841258876,2017-08-22,5400,PL45648072424690557786979403,doktoranckie,4,93070333601
226,Carl,Henry,60,carl.henry@wiseway.com,118750954,2016-03-15,4800,PL18038305338882507475888896,doktoranckie,24,60081196311
227,Joseph,Jackson,38,joseph.jackson@wiseway.com,872229885,2015-05-26,5800,PL32206268920042267932935747,srednie zawodowe,17,82082362998
228,Sherry,Long,54,sherry.long@wiseway.com,682254942,2016-09-16,5000,PL45092398461781347905069812,srednie ogolne,11,66112311889
229,Connor,Howard,45,connor.howard@wiseway.com,803254872,2015-03-16,6000,PL56762744891800208528931601,srednie ogolne,7,75021515231
230,Andrew,Calderon,29,andrew.calderon@wiseway.com,493083973,2017-08-04,6000,PL65755017880495310272720954,podstawowe,6,91050861707
231,Tina,Cole,58,tina.cole@wiseway.com,547941384,2016-10-10,5400,PL25472217256586914638360302,wyzsze magisterskie,37,62090433851
232,Kevin,Quinn,54,kevin.quinn@wiseway.com,479306405,2015-12-28,5000,PL99654473048380943349535364,pomaturalne,29,66092306577
233,Joy,Donaldson,38,joy.donaldson@wiseway.com,506622471,2016-06-08,4800,PL72347276952609182002953255,wyzsze magisterskie,16,82071804254
234,Joseph,Gordon,37,joseph.gordon@wiseway.com,968180916,2018-09-15,5000,PL52595510071711867675858368,srednie ogolne,18,83030635404
235,Kevin,Norman,38,kevin.norman@wiseway.com,125968524,2017-09-08,5400,PL78685474185276061087183226,wyzsze magisterskie,19,82010767870
236,Courtney,Obrien,37,courtney.obrien@wiseway.com,364403422,2017-09-22,6000,PL40575713486529239468175145,pomaturalne,18,83041220584
237,Chase,Jackson,35,chase.jackson@wiseway.com,919290551,2017-02-19,5600,PL55225735760143909295609286,srednie zawodowe,11,85090244940
238,Travis,Foster,32,travis.foster@wiseway.com,833470018,2016-08-29,6000,PL12745628664214272550321366,wyzsze magisterskie,13,88082275966
239,Monique,Dickerson,18,monique.dickerson@wiseway.com,495686855,2016-09-02,6000,PL28049897276617914984938056,doktoranckie,0,02222324709
240,Wyatt,Thompson,22,wyatt.thompson@wiseway.com,151445311,2017-02-07,5800,PL14656113597402210667051541,srednie ogolne,2,98101139303
241,Joseph,Mooney,41,joseph.mooney@wiseway.com,799058189,2017-01-12,6000,PL38333454578357583037931540,podstawowe,7,79010594626
242,Kyle,Shelton,64,kyle.shelton@wiseway.com,470135030,2015-09-10,6000,PL95567762660941548162476480,pomaturalne,7,56032155837
243,Victoria,Clark,47,victoria.clark@wiseway.com,480240103,2017-11-10,6000,PL46148720364771753376853895,wyzsze magisterskie,1,73082640896
244,Peter,Matthews,56,peter.matthews@wiseway.com,624626715,2016-07-09,5000,PL83615692479785331416432210,pomaturalne,34,64111615031
245,Brandon,Miranda,36,brandon.miranda@wiseway.com,911513664,2015-03-13,6000,PL18716065531798334206862281,wyzsze magisterskie,8,84050427870
246,Michael,Pham,19,michael.pham@wiseway.com,743489097,2015-10-30,5000,PL44295016953948374070512204,srednie ogolne,0,01251697135
247,Sean,Pierce,43,sean.pierce@wiseway.com,801363909,2018-04-05,5000,PL87735259084016860304687002,podstawowe,23,77021491345
248,Jennifer,Roberts,55,jennifer.roberts@wiseway.com,299685589,2015-06-02,5400,PL42035244220563472524695282,doktoranckie,34,65050526353
249,Jennifer,Horton,19,jennifer.horton@wiseway.com,613568264,2018-05-26,6000,PL33738698771149257951412576,wyzsze magisterskie,1,01252016979
250,Caleb,Hamilton,46,caleb.hamilton@wiseway.com,257489373,2017-06-10,5600,PL48351246336055507470216911,srednie zawodowe,21,74052091351
251,Angel,Stafford,51,angel.stafford@wiseway.com,605502580,2018-04-05,5800,PL25268479761379116765638300,wyzsze magisterskie,8,69071940930
252,James,Hoffman,40,james.hoffman@wiseway.com,404098849,2015-04-18,4800,PL62525604440200133933269014,wyzsze licencjackie / inzynierskie,4,80111151655
253,Donna,Chavez,50,donna.chavez@wiseway.com,372955676,2017-03-29,6000,PL66240156595217077681446692,pomaturalne,16,70082305745
254,Daniel,Kim,31,daniel.kim@wiseway.com,842229752,2018-10-29,5400,PL97189336787524535750265229,wyzsze licencjackie / inzynierskie,12,89042407511
255,John,Ramos,47,john.ramos@wiseway.com,629455729,2015-12-20,4800,PL55636292118936940885318910,wyzsze magisterskie,18,73040125234
256,Patricia,Miller,44,patricia.miller@wiseway.com,336758213,2017-05-28,5400,PL26219233389455297580311845,srednie ogolne,23,76021873517
257,Lauren,Levine,21,lauren.levine@wiseway.com,325134193,2016-06-22,5800,PL98495605144078773317042127,srednie ogolne,2,99060504552
258,Andrea,Owens,60,andrea.owens@wiseway.com,275547481,2016-10-12,5400,PL18624185104307154068492752,wyzsze magisterskie,3,60050968808
259,Caitlyn,Ford,25,caitlyn.ford@wiseway.com,160060625,2018-06-23,4800,PL73984889670451011115586344,podstawowe,3,95060696875
260,Sarah,Smith,45,sarah.smith@wiseway.com,677172119,2015-12-13,5000,PL68761031060357855247788261,wyzsze licencjackie / inzynierskie,10,75081196101
261,Donald,Wood,20,donald.wood@wiseway.com,718305140,2018-04-04,5800,PL35424206010305714606152708,srednie zawodowe,2,00300292287
262,Kara,Brown,37,kara.brown@wiseway.com,441620665,2018-08-28,5800,PL39134007799610764169050078,srednie zawodowe,10,83051076476
263,Amy,Anderson,64,amy.anderson@wiseway.com,597287924,2015-10-07,5200,PL93173835687612160276673488,srednie zawodowe,6,56042650301
264,Gary,Hooper,46,gary.hooper@wiseway.com,850722645,2016-09-27,6000,PL97257059328375666049661534,srednie zawodowe,7,74081041162
265,Brian,Lewis,38,brian.lewis@wiseway.com,572163430,2018-05-07,5600,PL37539365233188296077230830,srednie zawodowe,14,82082067721
266,Kyle,Stuart,54,kyle.stuart@wiseway.com,612863680,2016-04-21,5800,PL37392623691357623291494925,pomaturalne,19,66030882446
267,Timothy,Flynn,54,timothy.flynn@wiseway.com,545937746,2017-08-12,5400,PL10146603232251630950463522,wyzsze licencjackie / inzynierskie,25,66010902068
268,Samuel,Davis,31,samuel.davis@wiseway.com,202966671,2016-10-15,5000,PL45934313317763565361970010,wyzsze licencjackie / inzynierskie,12,89102161503
269,Haley,Norris,18,haley.norris@wiseway.com,711419793,2015-07-03,5400,PL44189045793428097521680575,wyzsze licencjackie / inzynierskie,0,02220850636
270,Kristine,Gibbs,42,kristine.gibbs@wiseway.com,226062609,2018-01-04,6000,PL16886216380755461550117496,wyzsze licencjackie / inzynierskie,8,78020939456
271,Michael,Hernandez,24,michael.hernandez@wiseway.com,783048759,2015-08-03,5400,PL97979256980308674059704677,srednie zawodowe,2,96052832372
272,Derek,Taylor,37,derek.taylor@wiseway.com,911164347,2018-04-10,6000,PL77861448024951790881278022,wyzsze licencjackie / inzynierskie,7,83110701259
273,Lindsey,Martinez,25,lindsey.martinez@wiseway.com,804931949,2018-12-28,5800,PL86708315954519955255336273,wyzsze licencjackie / inzynierskie,5,95072674551
274,Robert,Smith,49,robert.smith@wiseway.com,379109224,2015-09-12,5200,PL86922312516553295035764189,srednie zawodowe,23,71110661620
275,Catherine,Woods,50,catherine.woods@wiseway.com,891835402,2016-09-22,5200,PL46086059774834376264603174,pomaturalne,8,70052263516
276,Peter,Hoffman,47,peter.hoffman@wiseway.com,566727051,2018-08-28,5200,PL78989395181475577398760510,podstawowe,25,73102168070
277,Olivia,Rosales,68,olivia.rosales@wiseway.com,452666366,2015-12-31,5400,PL53196927369999451003662818,wyzsze licencjackie / inzynierskie,4,52091603994
278,Charles,Sweeney,51,charles.sweeney@wiseway.com,987156205,2015-01-27,6000,PL27626928521804938676103162,doktoranckie,26,69060302834
279,Becky,Williams,41,becky.williams@wiseway.com,278776091,2018-03-20,5200,PL61757721976728373238627088,wyzsze licencjackie / inzynierskie,5,79042812870
280,Michael,Jennings,30,michael.jennings@wiseway.com,542053183,2016-05-27,5200,PL72444106867571536763067077,srednie ogolne,4,90111322576
281,Michael,Burns,38,michael.burns@wiseway.com,819266616,2017-09-10,5200,PL89896058847244084109953264,srednie zawodowe,14,82052097234
282,William,Sweeney,23,william.sweeney@wiseway.com,992423384,2017-07-09,5600,PL35359724362376165200948288,podstawowe,4,97060190008
283,Donna,Petty,66,donna.petty@wiseway.com,709806606,2015-06-27,5200,PL39342346541041620973897144,doktoranckie,22,54092299433
284,Cynthia,Daniels,24,cynthia.daniels@wiseway.com,805724898,2015-06-30,4800,PL47407111752502210737621013,srednie ogolne,6,96061334884
285,David,Ramirez,70,david.ramirez@wiseway.com,640994874,2017-07-21,4800,PL61104378229803290507984509,srednie ogolne,18,50091767749
286,Bryan,Pham,32,bryan.pham@wiseway.com,685116044,2016-04-04,5200,PL99977593600293036698807684,podstawowe,8,88121826618
287,Samantha,Sharp,39,samantha.sharp@wiseway.com,676409330,2017-10-20,5000,PL55009222198532238640240007,wyzsze licencjackie / inzynierskie,12,81080424691
288,Jeffrey,Smith,28,jeffrey.smith@wiseway.com,347183747,2017-07-18,6000,PL98907973787241873948806032,pomaturalne,7,92102283269
289,Joshua,Mejia,63,joshua.mejia@wiseway.com,694296136,2017-01-01,5800,PL44902120087760440651094143,srednie zawodowe,15,57042236102
290,Dustin,Sheppard,67,dustin.sheppard@wiseway.com,626743092,2018-10-09,5000,PL33059217823820677207168123,srednie ogolne,26,53052128768
291,Larry,Hawkins,69,larry.hawkins@wiseway.com,975715036,2017-11-10,5800,PL56678586178249815735424252,wyzsze licencjackie / inzynierskie,19,51052447584
292,Michael,Horton,50,michael.horton@wiseway.com,636577940,2018-05-28,5800,PL45351928579310844891891145,doktoranckie,19,70032775613
293,Brian,Ferguson,61,brian.ferguson@wiseway.com,833533989,2016-04-28,5600,PL62475488701155712207689875,pomaturalne,33,59080131018
294,Aaron,Hoffman,24,aaron.hoffman@wiseway.com,312683342,2018-04-04,5600,PL84042625889508397122628491,wyzsze licencjackie / inzynierskie,0,96120988881
295,David,Johns,67,david.johns@wiseway.com,439146962,2018-04-21,4800,PL26403072987547969908996254,srednie zawodowe,30,53020732468
296,James,Galloway,46,james.galloway@wiseway.com,811776099,2017-05-19,5200,PL99898552396067225408452728,wyzsze licencjackie / inzynierskie,2,74051573597
297,Joshua,Stewart,51,joshua.stewart@wiseway.com,609593384,2015-01-12,6000,PL57587096333082591498828281,wyzsze licencjackie / inzynierskie,23,69072052774
298,Sarah,Fletcher,61,sarah.fletcher@wiseway.com,962717818,2017-02-09,5000,PL67341017795407745535458031,wyzsze magisterskie,1,59071470475
299,Rachel,Lewis,50,rachel.lewis@wiseway.com,158343928,2016-09-16,5000,PL14998737555211296425458561,srednie zawodowe,31,70031512791
300,Jessica,Hernandez,44,jessica.hernandez@wiseway.com,745520892,2015-12-16,5200,PL13404539661815198568478662,podstawowe,5,76051527299
301,Charles,Davis,28,charles.davis@wiseway.com,833706570,2016-02-04,5400,PL51375393153808165195338903,wyzsze licencjackie / inzynierskie,1,92071087416
302,Rebecca,Bowers,62,rebecca.bowers@wiseway.com,919463923,2016-01-03,5600,PL28742984270054941023303297,wyzsze magisterskie,31,58051735800
303,Taylor,Rodriguez,52,taylor.rodriguez@wiseway.com,191255128,2016-03-21,5200,PL89981400046099067317448245,pomaturalne,10,68121585416
304,Mike,Williams,40,mike.williams@wiseway.com,590385716,2017-08-02,5800,PL54661036438600050319106473,wyzsze licencjackie / inzynierskie,18,80012833170
305,Richard,Singh,66,richard.singh@wiseway.com,949045503,2017-01-28,5000,PL89465610210416522067754281,podstawowe,27,54072238848
306,Cheryl,Kirby,50,cheryl.kirby@wiseway.com,251480550,2015-03-08,5400,PL96802014415850610075824733,srednie zawodowe,23,70112501405
307,Tracy,Phillips,48,tracy.phillips@wiseway.com,950728330,2015-04-06,5400,PL12692813482840124632065837,podstawowe,16,72032083666
308,Stephen,Hamilton,43,stephen.hamilton@wiseway.com,474073916,2015-10-20,5000,PL44765959649404660626757740,pomaturalne,19,77021201691
309,Julie,Morris,48,julie.morris@wiseway.com,263843196,2018-01-10,5000,PL62532234768473239588678609,podstawowe,26,72081104621
310,Joshua,Martin,28,joshua.martin@wiseway.com,239796450,2018-05-17,6000,PL18389281280798915224578648,doktoranckie,4,92012367692
311,Daniel,Williams,25,daniel.williams@wiseway.com,578112578,2018-06-29,6000,PL84323970999016270283269553,wyzsze licencjackie / inzynierskie,4,95072403909
312,Terrance,Miller,28,terrance.miller@wiseway.com,267263931,2015-03-21,5600,PL65959618095233263025720503,doktoranckie,4,92091312363
313,Jennifer,Gonzales,52,jennifer.gonzales@wiseway.com,358498450,2017-10-23,6000,PL98259406168580487372073755,srednie zawodowe,8,68071202026
314,Kevin,Bell,43,kevin.bell@wiseway.com,763972672,2017-11-14,5800,PL32381679471872087368270907,wyzsze licencjackie / inzynierskie,0,77022265096
315,Jennifer,Roach,56,jennifer.roach@wiseway.com,477328856,2015-01-26,5800,PL52519468039233105575450501,podstawowe,21,64121529270
316,Amanda,Washington,60,amanda.washington@wiseway.com,141678668,2018-11-28,5800,PL41147275529536105959039368,srednie ogolne,36,60032524371
317,Christopher,Lawrence,46,christopher.lawrence@wiseway.com,217504814,2015-06-17,6000,PL91249362678294606985778407,srednie ogolne,20,74051795389
318,Jennifer,Campbell,45,jennifer.campbell@wiseway.com,730311901,2015-02-13,6000,PL26449192300527655337987327,srednie ogolne,26,75021777899
319,Scott,Gonzales,42,scott.gonzales@wiseway.com,976606029,2015-09-18,6000,PL49997563705870111968138884,srednie zawodowe,5,78041719038
320,Jason,Thornton,61,jason.thornton@wiseway.com,527481665,2015-04-03,5200,PL53349337718247958856881331,wyzsze magisterskie,2,59081774892
321,Matthew,Jones,36,matthew.jones@wiseway.com,949176517,2018-09-23,5600,PL72218860267381343450667326,podstawowe,13,84090294749
322,Jeremy,Ortiz,18,jeremy.ortiz@wiseway.com,671572993,2017-01-03,5000,PL62055469811677562530968796,podstawowe,0,02310821120
323,Todd,Thomas,66,todd.thomas@wiseway.com,934871548,2017-06-07,5600,PL62476731754670170487198236,srednie ogolne,0,54010777995
324,Alicia,Nguyen,24,alicia.nguyen@wiseway.com,162930104,2018-03-01,5800,PL60606992219701594092945754,doktoranckie,2,96122579874
325,Adrian,Davis,20,adrian.davis@wiseway.com,469167393,2015-04-16,4800,PL36271085040584324757101892,wyzsze licencjackie / inzynierskie,0,00252266439
326,Steven,Gonzalez,67,steven.gonzalez@wiseway.com,563588130,2015-06-17,6000,PL74260394213946730159104743,wyzsze licencjackie / inzynierskie,48,53101850770
327,Jacob,Brooks,56,jacob.brooks@wiseway.com,462063260,2015-08-05,5200,PL56706057513759637993541153,wyzsze magisterskie,24,64051303802
328,Melissa,Reed,19,melissa.reed@wiseway.com,791896059,2016-04-23,6000,PL30416447187423527172119671,wyzsze licencjackie / inzynierskie,0,01282273693
329,Carol,Wu,53,carol.wu@wiseway.com,802253302,2016-11-22,5800,PL88491743343195217895484941,pomaturalne,32,67071843822
330,Sandra,Collins,58,sandra.collins@wiseway.com,562748841,2016-07-07,5400,PL69630408981184346126168339,podstawowe,3,62031944127
331,Rachel,Livingston,60,rachel.livingston@wiseway.com,645015069,2017-09-21,6000,PL30625556400876518997781420,wyzsze magisterskie,38,60010579260
332,Joshua,Armstrong,29,joshua.armstrong@wiseway.com,178910267,2017-11-01,5000,PL42183916286165744417300212,wyzsze licencjackie / inzynierskie,1,91090757013
333,Elaine,Craig,28,elaine.craig@wiseway.com,738902691,2015-12-07,5800,PL27578535614751616589617695,doktoranckie,8,92072153956
334,Christopher,Harris,35,christopher.harris@wiseway.com,238796115,2017-10-14,4800,PL34930375721963725746730761,doktoranckie,9,85031752606
335,Tracey,Holland,21,tracey.holland@wiseway.com,119087142,2016-06-08,5000,PL56936031810378520517979150,podstawowe,3,99121866230
336,Kelly,Romero,57,kelly.romero@wiseway.com,296767607,2015-05-25,5000,PL88164976178279889083661289,doktoranckie,25,63012022396
337,Terri,Knight,42,terri.knight@wiseway.com,642152138,2018-08-27,5400,PL83890700257988498087391958,srednie zawodowe,14,78071059888
338,Donna,Wilson,43,donna.wilson@wiseway.com,435067107,2016-07-15,5000,PL50836898021955502816935256,srednie ogolne,24,77112873985
339,Danny,White,66,danny.white@wiseway.com,672700190,2015-08-11,5000,PL79983448603412047890025635,doktoranckie,32,54081710464
340,Steven,Lee,54,steven.lee@wiseway.com,113904095,2016-11-01,5400,PL23541475114399857075745054,srednie zawodowe,31,66041821169
341,Lisa,Johnson,66,lisa.johnson@wiseway.com,174601629,2015-01-28,5600,PL16659450377381832962159078,srednie ogolne,16,54100575889
342,Howard,Jones,46,howard.jones@wiseway.com,675797347,2017-02-28,5000,PL14693698417340900638614766,pomaturalne,16,74011286997
343,Matthew,Eaton,61,matthew.eaton@wiseway.com,328416884,2015-09-27,6000,PL35059516055073232254650290,pomaturalne,12,59080274520
344,Denise,Simpson,32,denise.simpson@wiseway.com,788567980,2016-05-16,4800,PL72737236369898515562236955,srednie ogolne,5,88020223589
345,Timothy,Hernandez,32,timothy.hernandez@wiseway.com,803250555,2018-11-25,5400,PL92443297077492921906522302,doktoranckie,10,88021224693
346,John,Mcdaniel,53,john.mcdaniel@wiseway.com,764897802,2018-01-19,5800,PL58848847857071173851987091,podstawowe,26,67031973953
347,Elijah,Waters,39,elijah.waters@wiseway.com,447722438,2017-12-20,5600,PL29292478265108267826634084,srednie ogolne,3,81022534983
348,Kevin,Medina,42,kevin.medina@wiseway.com,224722206,2016-06-05,5200,PL37216631511472298645980207,wyzsze magisterskie,1,78081785762
349,Stephanie,Navarro,61,stephanie.navarro@wiseway.com,703030306,2017-04-20,5000,PL93693933583765544068352353,wyzsze licencjackie / inzynierskie,6,59030159087
350,Deborah,Graves,40,deborah.graves@wiseway.com,802688150,2018-07-16,6000,PL24895480483308942210759633,pomaturalne,16,80092464295
351,Brian,Glover,54,brian.glover@wiseway.com,334032114,2015-08-27,5200,PL50539518101925624258576607,podstawowe,4,66062125758
352,Rachael,Buck,39,rachael.buck@wiseway.com,317217300,2015-07-27,5400,PL68999497268303349370304526,doktoranckie,3,81051233346
353,Brittany,Nelson,70,brittany.nelson@wiseway.com,865365536,2018-01-27,5200,PL72412955342450394656912592,podstawowe,42,50071845859
354,Aaron,Mccullough,59,aaron.mccullough@wiseway.com,231794713,2017-04-20,5200,PL70355186682594313929317826,podstawowe,8,61060113209
355,Edward,Simpson,44,edward.simpson@wiseway.com,811519679,2018-06-11,5400,PL27228880237724922624804501,wyzsze magisterskie,21,76012275234
356,Jordan,Ramos,30,jordan.ramos@wiseway.com,648371935,2015-04-18,5200,PL37022084268546762925459164,pomaturalne,8,90112363216
357,Joshua,Hernandez,45,joshua.hernandez@wiseway.com,609529332,2015-03-14,5600,PL68031699684860045844597945,pomaturalne,3,75040612838
358,Jill,Wright,36,jill.wright@wiseway.com,683689491,2017-08-23,4800,PL94450801816568751634031569,srednie ogolne,2,84052697905
359,Christopher,Green,52,christopher.green@wiseway.com,511614535,2017-08-10,4800,PL43971599688731469576321765,wyzsze magisterskie,10,68080635025
360,Stephen,Scott,35,stephen.scott@wiseway.com,716829372,2018-04-16,5800,PL95184681691662539933594515,wyzsze licencjackie / inzynierskie,14,85060343143
361,Richard,Jones,63,richard.jones@wiseway.com,186087262,2017-01-11,4800,PL94795456356906344688071129,wyzsze magisterskie,21,57111264758
362,James,Hughes,58,james.hughes@wiseway.com,891157553,2015-02-22,5400,PL85966802992178837756507141,podstawowe,29,62120330917
363,Andrea,Washington,29,andrea.washington@wiseway.com,882124392,2017-07-18,5800,PL27168428483003794205012547,pomaturalne,5,91061225444
364,Carolyn,Williams,34,carolyn.williams@wiseway.com,271293726,2018-01-03,5800,PL64860772976538115619413873,wyzsze magisterskie,0,86121087708
365,Madison,Hall,55,madison.hall@wiseway.com,419885718,2018-01-23,5200,PL72546091024984522839665176,srednie ogolne,34,65052063637
366,Jeffrey,Johnson,70,jeffrey.johnson@wiseway.com,626709565,2018-08-04,5200,PL91308227964778221161439545,wyzsze magisterskie,31,50080577103
367,Christopher,Frazier,68,christopher.frazier@wiseway.com,150402571,2017-07-31,5400,PL50918292250979941629296746,srednie zawodowe,47,52120389001
368,Gerald,Chaney,45,gerald.chaney@wiseway.com,598461609,2015-07-16,4800,PL36646510111463782403264375,srednie ogolne,13,75121577374
369,Tamara,Johnson,39,tamara.johnson@wiseway.com,378594677,2015-06-22,5600,PL60843960629355213924628040,srednie ogolne,12,81012274939
370,Catherine,Richards,66,catherine.richards@wiseway.com,256767857,2015-11-16,5800,PL58064582787911134448584110,pomaturalne,4,54072178580
371,Robert,Choi,23,robert.choi@wiseway.com,878424696,2015-02-21,5600,PL58010482228337087542447252,pomaturalne,0,97082703244
372,Jennifer,Bailey,58,jennifer.bailey@wiseway.com,562065623,2018-10-26,5000,PL92521824188524598592810501,wyzsze magisterskie,11,62091968115
373,James,Rodriguez,69,james.rodriguez@wiseway.com,283053683,2016-10-26,4800,PL89671843105451425204351660,wyzsze magisterskie,7,51062180169
374,Denise,Cooper,53,denise.cooper@wiseway.com,386188832,2017-11-11,4800,PL11512327083430199018303550,srednie ogolne,33,67062660784
375,Pamela,Lucas,43,pamela.lucas@wiseway.com,225355485,2015-07-29,6000,PL84535628027650736871034137,podstawowe,10,77072449541
376,Aaron,Thomas,26,aaron.thomas@wiseway.com,264380993,2017-04-26,5800,PL35566527097813522813199595,srednie zawodowe,6,94052200703
377,Tammy,Greene,21,tammy.greene@wiseway.com,446101644,2018-09-29,5200,PL40936747997504594714981135,srednie zawodowe,3,99031100791
378,Shaun,Jacobson,69,shaun.jacobson@wiseway.com,632734412,2018-04-07,5600,PL74258962708424292863565459,srednie zawodowe,46,51092752457
379,Jennifer,Roberts,46,jennifer.roberts@wiseway.com,239430382,2016-03-30,5600,PL13964146460179807667450141,srednie ogolne,15,74021988004
380,Rebecca,Snow,28,rebecca.snow@wiseway.com,354264053,2015-03-10,4800,PL67327943163791705672255884,srednie zawodowe,1,92070439479
381,Michael,Gray,49,michael.gray@wiseway.com,402091354,2017-06-13,5000,PL87559401819789381616074774,srednie ogolne,17,71052628808
382,Amanda,Scott,26,amanda.scott@wiseway.com,440566274,2015-03-13,6000,PL74556846668555139258274120,srednie zawodowe,8,94071503217
383,Eric,Rivera,68,eric.rivera@wiseway.com,702789289,2016-08-26,5600,PL93034979677939194090379756,pomaturalne,11,52020634770
384,Amber,Fowler,30,amber.fowler@wiseway.com,476594535,2018-07-15,6000,PL56175050093072229552264576,doktoranckie,1,90092004883
385,Jason,Ramos,49,jason.ramos@wiseway.com,455565426,2017-12-23,5000,PL84670170951541721100666794,wyzsze licencjackie / inzynierskie,1,71080338464
386,Jared,Armstrong,33,jared.armstrong@wiseway.com,735529985,2015-05-04,5800,PL11408411151321750601409968,pomaturalne,4,87081899247
387,Joseph,Cline,49,joseph.cline@wiseway.com,576162703,2015-04-24,5200,PL92637183363216350976374288,podstawowe,25,71091757863
388,Paul,Ritter,56,paul.ritter@wiseway.com,885642110,2017-09-12,4800,PL23790691698074011108469139,wyzsze licencjackie / inzynierskie,35,64061616600
389,Molly,Armstrong,24,molly.armstrong@wiseway.com,402472258,2015-02-19,5000,PL80006128731453362827177447,wyzsze magisterskie,6,96111052057
390,Jonathan,Williams,38,jonathan.williams@wiseway.com,736842750,2016-12-15,6000,PL60105905301077383722676196,wyzsze licencjackie / inzynierskie,20,82022878153
391,Tammy,Palmer,36,tammy.palmer@wiseway.com,271155325,2016-07-30,5600,PL33959583929901919051247916,wyzsze licencjackie / inzynierskie,1,84041931808
392,Vincent,Smith,36,vincent.smith@wiseway.com,727616674,2018-12-19,6000,PL84176863334103131081276124,pomaturalne,9,84112766602
393,Marc,Sanchez,49,marc.sanchez@wiseway.com,490936783,2018-12-24,5400,PL33218230261364620027071550,pomaturalne,21,71101524977
394,Desiree,Anderson,50,desiree.anderson@wiseway.com,332926447,2015-03-09,5000,PL24024271819903159384482089,wyzsze licencjackie / inzynierskie,24,70061584895
395,Julia,Berg,29,julia.berg@wiseway.com,193958838,2016-04-24,5200,PL39656182692286249324659064,srednie zawodowe,11,91042542619
396,Amber,Velasquez,45,amber.velasquez@wiseway.com,398456616,2017-09-11,5200,PL42997142845782856256574933,wyzsze magisterskie,23,75041359740
397,Jessica,Alexander,33,jessica.alexander@wiseway.com,729153999,2015-04-18,5400,PL20942902307109795848136394,doktoranckie,11,87031267517
398,Carla,Diaz,67,carla.diaz@wiseway.com,169820936,2017-09-13,5400,PL90768045039124802198122388,wyzsze licencjackie / inzynierskie,36,53032875336
399,Brian,Kirby,49,brian.kirby@wiseway.com,568411292,2015-08-19,5200,PL89122140755944920813030170,pomaturalne,13,71022128325
400,Bethany,Burns,41,bethany.burns@wiseway.com,931216248,2017-02-19,4800,PL58344394000946419275126942,srednie zawodowe,0,79121736931
401,Karen,Foster,57,karen.foster@wiseway.com,804053723,2015-07-21,5600,PL48952852171077868713193068,srednie zawodowe,39,63062685351
402,Charles,Dougherty,68,charles.dougherty@wiseway.com,979519507,2017-04-11,5200,PL12820271930518117881999943,srednie zawodowe,12,52030682687
403,Adam,Warner,58,adam.warner@wiseway.com,749674100,2016-09-25,5200,PL60472010021632430037812509,wyzsze licencjackie / inzynierskie,23,62052896271
404,Jessica,Miller,22,jessica.miller@wiseway.com,537150463,2016-01-05,6000,PL47554356788165236055758871,wyzsze magisterskie,0,98021393594
405,Jennifer,Garza,23,jennifer.garza@wiseway.com,765217314,2016-08-28,4800,PL95301267427282726705764528,wyzsze licencjackie / inzynierskie,1,97122837620
406,Melissa,Ponce,29,melissa.ponce@wiseway.com,786908023,2015-03-14,5600,PL35859533120468975394504104,srednie ogolne,8,91041470684
407,Betty,Harrison,67,betty.harrison@wiseway.com,869677368,2017-12-14,5000,PL31700381110135498704353481,srednie ogolne,48,53091187152
408,Alisha,Hinton,21,alisha.hinton@wiseway.com,180137503,2017-08-03,5000,PL33146947667957887675237848,wyzsze licencjackie / inzynierskie,1,99050735440
409,Christian,Harrison,46,christian.harrison@wiseway.com,875945169,2017-03-06,5000,PL20708583640167047018094269,wyzsze magisterskie,27,74021885457
410,Sheri,Watson,25,sheri.watson@wiseway.com,513566953,2015-04-17,5800,PL26173983036328854715565044,wyzsze licencjackie / inzynierskie,6,95110894913
411,Elizabeth,Ramos,67,elizabeth.ramos@wiseway.com,944501717,2018-01-10,5800,PL34933938230223957287672655,srednie zawodowe,48,53121808792
412,Calvin,Ashley,47,calvin.ashley@wiseway.com,271072655,2018-05-28,5400,PL20527876184548355381703012,doktoranckie,22,73110286278
413,Thomas,Reese,27,thomas.reese@wiseway.com,942865139,2017-09-18,5400,PL37703498763796650861000080,wyzsze licencjackie / inzynierskie,8,93102038056
414,Debbie,Lane,54,debbie.lane@wiseway.com,530424960,2018-07-25,5800,PL32266753901179307738277291,doktoranckie,30,66051077321
415,Jeffrey,Myers,48,jeffrey.myers@wiseway.com,692104642,2016-05-09,5400,PL29983182142515355161082240,podstawowe,17,72032307455
416,Travis,Holland,45,travis.holland@wiseway.com,597287295,2017-07-03,5200,PL62552715689707621665533240,doktoranckie,19,75122477831
417,Ian,Buckley,20,ian.buckley@wiseway.com,390607394,2015-01-19,5000,PL91161549020914977640032808,wyzsze magisterskie,0,00311609249
418,Kathryn,Luna,43,kathryn.luna@wiseway.com,355972288,2017-06-05,5200,PL99444461784174642568498909,srednie zawodowe,4,77032896294
419,Joshua,Hayes,36,joshua.hayes@wiseway.com,209553798,2017-09-20,5800,PL66506788180388235134945505,doktoranckie,1,84030450987
420,Devin,Bell,67,devin.bell@wiseway.com,698414560,2018-07-10,5200,PL60520823880590061927413140,wyzsze licencjackie / inzynierskie,8,53031155523
421,Wendy,Lawrence,22,wendy.lawrence@wiseway.com,808914404,2018-01-09,5200,PL23848241967287706816357793,srednie zawodowe,2,98061312445
422,William,Morales,34,william.morales@wiseway.com,238959562,2017-11-17,4800,PL48104658749575000047664904,doktoranckie,12,86072876729
423,Amanda,Holt,54,amanda.holt@wiseway.com,470081727,2018-10-27,5400,PL22695670239319293421698509,srednie ogolne,17,66111752414
424,Bailey,Fields,36,bailey.fields@wiseway.com,474018657,2016-08-18,5000,PL70921409643972613903490041,pomaturalne,3,84071826536
425,Nancy,Frank,56,nancy.frank@wiseway.com,302903172,2018-02-08,5800,PL59797163719728356757945723,srednie ogolne,36,64060779876
426,Tonya,Sanchez,24,tonya.sanchez@wiseway.com,459065901,2018-04-28,5600,PL13755908810766354241561808,pomaturalne,0,96112497440
427,Maria,Bush,55,maria.bush@wiseway.com,188080103,2016-02-24,5400,PL40347432289951687074661699,podstawowe,9,65102023482
428,Peter,Holmes,24,peter.holmes@wiseway.com,741004099,2015-01-10,5000,PL27201624744381098157300383,srednie zawodowe,4,96060411300
429,Michael,Weaver,70,michael.weaver@wiseway.com,280907458,2015-05-01,6000,PL59305675806759756083622617,wyzsze magisterskie,6,50031575221
430,Beth,Perez,62,beth.perez@wiseway.com,249209291,2018-02-02,5400,PL50496256345763584185372686,srednie ogolne,4,58031937379
431,Christine,Nicholson,28,christine.nicholson@wiseway.com,123968121,2017-02-04,5400,PL22770431255329212880340947,wyzsze magisterskie,3,92041694866
432,Victoria,Cortez,33,victoria.cortez@wiseway.com,372302564,2016-06-06,5200,PL20057508162373220039193004,podstawowe,4,87091381535
433,Andrew,Hall,57,andrew.hall@wiseway.com,417915751,2015-01-05,6000,PL10181293669154063842835834,wyzsze magisterskie,26,63010436402
434,Sandra,Lewis,34,sandra.lewis@wiseway.com,561215925,2016-08-17,5000,PL19687841794314163304661266,pomaturalne,7,86101251568
435,Jeremy,Durham,34,jeremy.durham@wiseway.com,656949668,2016-01-27,4800,PL72201118005924218260397004,podstawowe,6,86080965540
436,Joseph,Valencia,54,joseph.valencia@wiseway.com,794041112,2018-12-21,5800,PL53127297913204063327635243,srednie ogolne,17,66091758682
437,Kathryn,Vega,63,kathryn.vega@wiseway.com,852028268,2016-11-25,5000,PL37993378781001530154993394,doktoranckie,31,57071408749
438,Susan,Simpson,32,susan.simpson@wiseway.com,317885400,2016-05-05,5000,PL64041262382138166790447906,srednie zawodowe,8,88080624812
439,Kathy,Harrison,31,kathy.harrison@wiseway.com,278649747,2016-03-21,5400,PL52137738864108720694644101,srednie ogolne,10,89010839952
440,Ashley,Johnson,65,ashley.johnson@wiseway.com,989609876,2017-03-24,6000,PL63882498749131961433875414,pomaturalne,46,55022808426
441,Rebecca,Smith,59,rebecca.smith@wiseway.com,353544166,2015-08-17,5400,PL16192700595451984873645236,srednie ogolne,7,61060418565
442,Brent,Williams,44,brent.williams@wiseway.com,317536420,2018-01-09,4800,PL95055510150820417893676025,wyzsze licencjackie / inzynierskie,15,76122146862
443,Timothy,Cortez,25,timothy.cortez@wiseway.com,822516545,2015-08-22,6000,PL90546083436492545604088478,podstawowe,4,95040619001
444,John,Rice,22,john.rice@wiseway.com,797906281,2017-08-15,5600,PL54668039321472945878462970,srednie zawodowe,2,98101348194
445,Angela,Cannon,42,angela.cannon@wiseway.com,356675281,2017-12-03,5000,PL88029730655809970344176316,podstawowe,5,78050202110
446,Alvin,Payne,44,alvin.payne@wiseway.com,752439384,2016-08-19,5000,PL22275960445032423807299149,srednie zawodowe,15,76110151144
447,Julie,Lopez,43,julie.lopez@wiseway.com,736894221,2016-07-27,4800,PL10797155599618270126219259,pomaturalne,12,77102716097
448,Caroline,Sanders,37,caroline.sanders@wiseway.com,309256290,2018-09-05,5600,PL78154760018402941651471913,wyzsze magisterskie,5,83071149266
449,Eric,Wilson,53,eric.wilson@wiseway.com,145868982,2016-02-03,5000,PL33588606805045789903676265,pomaturalne,34,67052541359
450,Justin,Smith,46,justin.smith@wiseway.com,273743353,2018-04-13,6000,PL17334094101086866920129404,podstawowe,0,74021411778
451,Shaun,Young,70,shaun.young@wiseway.com,343768519,2016-12-01,5000,PL28420856080165377542082841,wyzsze magisterskie,47,50110801779
452,Joshua,Arellano,60,joshua.arellano@wiseway.com,430129821,2015-07-13,5800,PL73829708030622857829374332,srednie ogolne,10,60030192816
453,Wayne,Smith,22,wayne.smith@wiseway.com,171414677,2015-05-26,5400,PL61834981724258922962689295,srednie ogolne,1,98052323468
454,Christopher,Hess,20,christopher.hess@wiseway.com,147705020,2015-05-06,5200,PL58649654695518211918549483,doktoranckie,0,00240154630
455,Samuel,Bell,30,samuel.bell@wiseway.com,652922953,2016-11-08,6000,PL89221511289025926177064160,wyzsze licencjackie / inzynierskie,0,90092656449
456,Brandon,Baird,43,brandon.baird@wiseway.com,552888830,2018-06-23,6000,PL60738920942176189428459049,pomaturalne,3,77051613669
457,Brooke,Burke,63,brooke.burke@wiseway.com,619163824,2015-01-02,5800,PL61008942623512661614773061,wyzsze magisterskie,9,57021385134
458,Michael,Blevins,18,michael.blevins@wiseway.com,484766979,2015-11-08,5000,PL89807318930557739028428438,srednie zawodowe,0,02282743514
459,Laura,Walker,23,laura.walker@wiseway.com,465913263,2015-11-11,4800,PL81855902682464982005580025,pomaturalne,1,97030969163
460,Kim,Chavez,35,kim.chavez@wiseway.com,366831919,2017-02-12,4800,PL49829231171634892508763670,srednie ogolne,8,85021459432
461,Ronnie,Briggs,33,ronnie.briggs@wiseway.com,390560017,2017-12-03,5200,PL17038149974917935454900056,wyzsze licencjackie / inzynierskie,8,87092415063
462,Amy,Murphy,18,amy.murphy@wiseway.com,966356693,2015-08-26,5000,PL42345861545211428551683418,pomaturalne,0,02250483983
463,Kristi,Jimenez,24,kristi.jimenez@wiseway.com,699171289,2016-12-31,5200,PL42149132449750366106092143,pomaturalne,6,96042671533
464,Christopher,Hernandez,58,christopher.hernandez@wiseway.com,949992941,2015-02-26,5800,PL32023177468410657068512794,doktoranckie,33,62031313322
465,Jenna,Rogers,35,jenna.rogers@wiseway.com,447340995,2016-06-17,6000,PL55220457406125482322655757,podstawowe,17,85110397933
466,Stephanie,Jones,29,stephanie.jones@wiseway.com,936447577,2018-06-23,5200,PL90957821660485944123759652,wyzsze licencjackie / inzynierskie,0,91100672689
467,Martin,Costa,63,martin.costa@wiseway.com,921364477,2018-07-03,4800,PL43033959407785883527028119,wyzsze licencjackie / inzynierskie,23,57102649423
468,Eric,Kennedy,38,eric.kennedy@wiseway.com,656875427,2016-02-19,6000,PL40994866102460698351714115,wyzsze licencjackie / inzynierskie,13,82052396561
469,Tina,Mendoza,55,tina.mendoza@wiseway.com,850387189,2018-09-02,5200,PL66475959064600339112742734,wyzsze magisterskie,7,65082425668
470,Cody,Arnold,66,cody.arnold@wiseway.com,724071291,2017-04-09,6000,PL29028697545976932591878727,srednie ogolne,47,54010290932
471,Bonnie,Smith,49,bonnie.smith@wiseway.com,572371623,2015-02-13,4800,PL42411767327916742278740892,podstawowe,3,71040285784
472,Raymond,Garrett,65,raymond.garrett@wiseway.com,976857230,2015-09-16,5800,PL64429624523193150081583223,podstawowe,13,55100361710
473,Alexandra,Garza,38,alexandra.garza@wiseway.com,923187694,2018-09-16,5400,PL19427705839252737285132039,wyzsze licencjackie / inzynierskie,10,82122681560
474,Gregory,Velasquez,47,gregory.velasquez@wiseway.com,312568334,2016-12-15,5400,PL20127074056536814693602374,srednie zawodowe,29,73071478009
475,Robert,Miller,60,robert.miller@wiseway.com,672938204,2017-07-17,4800,PL12412602977431187539786329,doktoranckie,13,60011374369
476,Jennifer,White,47,jennifer.white@wiseway.com,201412509,2018-05-24,5000,PL56093515766342957761472390,wyzsze licencjackie / inzynierskie,26,73071580370
477,Taylor,Brock,63,taylor.brock@wiseway.com,217543357,2018-09-20,5000,PL88726919145560089531396209,doktoranckie,11,57022238220
478,Ariana,Flowers,65,ariana.flowers@wiseway.com,438863565,2018-11-19,5800,PL49018289281191190805151558,wyzsze magisterskie,33,55020400969
479,Shannon,Miller,24,shannon.miller@wiseway.com,443909307,2017-12-28,5400,PL27635820148851261590110086,wyzsze licencjackie / inzynierskie,2,96120852103
480,Amy,Smith,19,amy.smith@wiseway.com,364800516,2018-03-05,4800,PL41561815770682772522244854,wyzsze licencjackie / inzynierskie,0,01272394270
481,Thomas,Jenkins,52,thomas.jenkins@wiseway.com,975886511,2016-05-18,5400,PL31179537425308544851140970,podstawowe,18,68081315289
482,Jesus,Evans,59,jesus.evans@wiseway.com,774345796,2018-01-26,4800,PL85588205282223093592951307,wyzsze licencjackie / inzynierskie,5,61032771909
483,Jonathan,Johnson,25,jonathan.johnson@wiseway.com,288670684,2015-06-16,5200,PL66669930275682237655292995,srednie zawodowe,5,95070473846
484,Kevin,Jones,63,kevin.jones@wiseway.com,318319944,2016-01-13,5000,PL76746492016546178046529667,wyzsze licencjackie / inzynierskie,43,57050354589
485,Eric,Turner,58,eric.turner@wiseway.com,746323364,2015-09-24,5400,PL93162374471913234496051858,wyzsze magisterskie,14,62011815908
486,Isabella,Mcconnell,48,isabella.mcconnell@wiseway.com,744449176,2016-01-24,5000,PL78077554485176315102698255,doktoranckie,7,72101692978
487,Ashley,Greene,30,ashley.greene@wiseway.com,517404937,2018-04-30,4800,PL91263239231768963016595114,wyzsze magisterskie,7,90120955745
488,Melissa,Jones,30,melissa.jones@wiseway.com,934010741,2018-12-10,5800,PL54510752322486802211099230,doktoranckie,6,90112395271
489,Craig,Bowen,42,craig.bowen@wiseway.com,598947199,2018-07-30,4800,PL28044277841475408940114183,srednie ogolne,1,78060167480
490,Michael,Gonzalez,18,michael.gonzalez@wiseway.com,536175825,2015-12-25,5400,PL58897384958887057994876528,srednie zawodowe,0,02251588783
491,Tammy,Nguyen,52,tammy.nguyen@wiseway.com,286907888,2015-06-19,5600,PL33716803511090886401145180,podstawowe,6,68042844212
492,Cathy,Alexander,38,cathy.alexander@wiseway.com,628288890,2015-11-09,4800,PL75874236517913655151778438,pomaturalne,4,82032028023
493,Tiffany,Garcia,68,tiffany.garcia@wiseway.com,617427982,2017-03-03,5400,PL19081022058041819254936483,wyzsze licencjackie / inzynierskie,44,52081730549
494,Tammy,Yang,28,tammy.yang@wiseway.com,734455282,2016-03-06,5200,PL27239774742969957820110932,wyzsze magisterskie,1,92112499305
495,Devin,Howe,18,devin.howe@wiseway.com,135824113,2018-08-30,5200,PL52387571540458053378974894,wyzsze licencjackie / inzynierskie,0,02250540207
496,George,Jones,55,george.jones@wiseway.com,406508637,2017-01-14,5800,PL44271744131307752638516072,pomaturalne,13,65062342156
497,Jacob,Gordon,37,jacob.gordon@wiseway.com,360478247,2018-02-10,5400,PL81762831893769827560753098,srednie zawodowe,9,83110456155
498,John,Jimenez,66,john.jimenez@wiseway.com,613017208,2015-03-28,5000,PL54632243991170573313403346,wyzsze licencjackie / inzynierskie,3,54051943162
499,Sara,Oliver,31,sara.oliver@wiseway.com,363483554,2015-09-27,5600,PL69671894045284143518725553,srednie zawodowe,2,89032727227
500,Adriana,Johnson,65,adriana.johnson@wiseway.com,835540303,2018-09-17,5400,PL30962710793476969120763523,srednie zawodowe,7,55051214923
